{
    "loss": 0.27532467246055603,
    "accuracy": 0.843137264251709
}